source,titre,prix_eur,surface_m2,quartier,type_bien,description,url,date_scrape
SeLoger,1 / 5 A 289 000 € 7 049 €/m² Découvrez les options de financement Appartement à vendre - neuf 2 pièces · 1 chambre · 41 m² · dès le 30/09/2027 Programme Neuf Ca,289000.0,41.0,,Appartement,,https://www.selogerneuf.com/annonces/neuf/programme/toulon-83/253691585/?serp_view=list&search=distributionTypes%3DBuy%26estateTypes%3DHouse%2CApartment%26locations%3DAD08FR34378%26priceMax%3D500000&sort_order_ab_test=sort_order_variant&unitId=260292485&feature_aiEnrichment=true#ln=classified_search_results&m=classified_search_results_classified_classified_detail_XL,2026-03-09T15:42:45.427987+00:00
SeLoger,1 / 4 A 393 000 € 6 046 €/m² Découvrez les options de financement Appartement à vendre - neuf 3 pièces · 2 chambres · 65 m² · dès le 30/09/2027 Programme Neuf C,393000.0,65.0,,Appartement,,https://www.selogerneuf.com/annonces/neuf/programme/toulon-83/253691585/?serp_view=list&search=distributionTypes%3DBuy%26estateTypes%3DHouse%2CApartment%26locations%3DAD08FR34378%26priceMax%3D500000&sort_order_ab_test=sort_order_variant&unitId=260294405&feature_aiEnrichment=true#ln=classified_search_results&m=classified_search_results_classified_classified_detail_L,2026-03-09T15:42:45.427987+00:00
SeLoger,"1 / 9 D 120 000 € 2 612 €/m² Découvrez les options de financement Appartement à vendre 2 pièces · 1 chambre · 46 m² · 1er étage La Roseraie, Toulon (83100) Excl",120000.0,46.0,,Appartement,,https://www.seloger.com/annonces/achat/appartement/toulon-83/la-roseraie/257809399.htm?serp_view=list&search=distributionTypes%3DBuy%26estateTypes%3DHouse%2CApartment%26locations%3DAD08FR34378%26priceMax%3D500000&sort_order_ab_test=sort_order_variant&feature_aiEnrichment=true#ln=classified_search_results&m=classified_search_results_classified_classified_detail_XL,2026-03-09T15:42:45.427987+00:00
SeLoger,1 / 13 Nouveau D 310 000 € 4 429 €/m² Découvrez les options de financement Maison à vendre 4 pièces · 3 chambres · 70 m² · 173 m² de terrain Toulon (83000) Excl,310000.0,70.0,,Maison,,https://www.seloger.com/annonces/achat/maison/toulon-83/262527107.htm?serp_view=list&search=distributionTypes%3DBuy%26estateTypes%3DHouse%2CApartment%26locations%3DAD08FR34378%26priceMax%3D500000&sort_order_ab_test=sort_order_variant&feature_aiEnrichment=true#ln=classified_search_results&m=classified_search_results_classified_classified_detail_XL,2026-03-09T15:42:45.427987+00:00
SeLoger,"1 / 13 A 235 400 € 4 359 €/m² Découvrez les options de financement Appartement à vendre 3 pièces · 2 chambres · 54 m² · Étage 1/6 Brunet, Toulon (83100) Exclusi",235400.0,54.0,,Appartement,,https://www.seloger.com/annonces/achat/appartement/toulon-83/brunet/261629789.htm?serp_view=list&search=distributionTypes%3DBuy%26estateTypes%3DHouse%2CApartment%26locations%3DAD08FR34378%26priceMax%3D500000&sort_order_ab_test=sort_order_variant&feature_aiEnrichment=true#ln=classified_search_results&m=classified_search_results_classified_classified_detail_XL,2026-03-09T15:42:45.427987+00:00
SeLoger,"1 / 8 C 115 000 € 5 180 €/m² Découvrez les options de financement Appartement à vendre 1 pièce · 22,2 m² · RDC/2 Saint Roch, Toulon (83000) ACOR'IMMO",115000.0,22.2,,Appartement,,https://www.seloger.com/annonces/achat/appartement/toulon-83/saint-roch/261715439.htm?serp_view=list&search=distributionTypes%3DBuy%26estateTypes%3DHouse%2CApartment%26locations%3DAD08FR34378%26priceMax%3D500000&sort_order_ab_test=sort_order_variant&feature_aiEnrichment=true#ln=classified_search_results&m=classified_search_results_classified_classified_detail_XL,2026-03-09T15:42:45.427987+00:00
SeLoger,"1 / 11 D 171 200 € 3 191 €/m² Découvrez les options de financement Appartement à vendre 3 pièces · 2 chambres · 53,7 m² · Étage 4/12 Aguillon, Toulon (83000) AC",171200.0,53.7,,Appartement,,https://www.seloger.com/annonces/achat/appartement/toulon-83/aguillon/261302373.htm?serp_view=list&search=distributionTypes%3DBuy%26estateTypes%3DHouse%2CApartment%26locations%3DAD08FR34378%26priceMax%3D500000&sort_order_ab_test=sort_order_variant&feature_aiEnrichment=true#ln=classified_search_results&m=classified_search_results_classified_classified_detail_XL,2026-03-09T15:42:45.427987+00:00
SeLoger,"1 / 10 C 369 000 € 4 731 €/m² Découvrez les options de financement Appartement à vendre 3 pièces · 2 chambres · 78 m² · Étage 2/2 La Serinette, Toulon (83000) C",369000.0,78.0,,Appartement,,https://www.seloger.com/annonces/achat/appartement/toulon-83/la-serinette/242995883.htm?serp_view=list&search=distributionTypes%3DBuy%26estateTypes%3DHouse%2CApartment%26locations%3DAD08FR34378%26priceMax%3D500000&sort_order_ab_test=sort_order_variant&feature_aiEnrichment=true#ln=classified_search_results&m=classified_search_results_classified_classified_detail_XL,2026-03-09T15:42:45.427987+00:00
SeLoger,"1 / 10 D 199 900 € 2 897 €/m² Découvrez les options de financement Appartement à vendre 4 pièces · 3 chambres · 69 m² · Étage 4/4 Les Routes, Toulon (83200) CAS",199900.0,69.0,,Appartement,,https://www.seloger.com/annonces/achat/appartement/toulon-83/les-routes/261312257.htm?serp_view=list&search=distributionTypes%3DBuy%26estateTypes%3DHouse%2CApartment%26locations%3DAD08FR34378%26priceMax%3D500000&sort_order_ab_test=sort_order_variant&feature_aiEnrichment=true#ln=classified_search_results&m=classified_search_results_classified_classified_detail_XL,2026-03-09T15:42:45.427987+00:00
SeLoger,"1 / 11 C 318 000 € 3 164 €/m² Investissez dans l'immobilier Appartement à vendre 5 pièces · 4 chambres · 100,5 m² · Étage 2/7 Mourillon-Centre, Toulon (83000) A",318000.0,100.5,,Appartement,,https://www.seloger.com/annonces/achat/appartement/toulon-83/mourillon-centre/261302369.htm?serp_view=list&search=distributionTypes%3DBuy%26estateTypes%3DHouse%2CApartment%26locations%3DAD08FR34378%26priceMax%3D500000&sort_order_ab_test=sort_order_variant&feature_aiEnrichment=true#ln=classified_search_results&m=classified_search_results_classified_classified_detail_XL,2026-03-09T15:42:45.427987+00:00
SeLoger,1 / 10 A 211 000 € 3 403 €/m² Découvrez les options de financement Appartement à vendre 3 pièces · 2 chambres · 62 m² · RDC/2 Toulon (83000) CABINET 3000,211000.0,62.0,,Appartement,,https://www.seloger.com/annonces/achat/appartement/toulon-83/261450009.htm?serp_view=list&search=distributionTypes%3DBuy%26estateTypes%3DHouse%2CApartment%26locations%3DAD08FR34378%26priceMax%3D500000&sort_order_ab_test=sort_order_variant&feature_aiEnrichment=true#ln=classified_search_results&m=classified_search_results_classified_classified_detail_XL,2026-03-09T15:42:45.428994+00:00
SeLoger,"1 / 8 D 242 000 € 4 703 €/m² Investissez dans l'immobilier Appartement à vendre 2 pièces · 1 chambre · 51,5 m² · Étage 1/4 Cap Brun , Toulon (83000) Exclusivité",242000.0,51.5,,Appartement,,https://www.seloger.com/annonces/achat/appartement/toulon-83/cap-brun/258514345.htm?serp_view=list&search=distributionTypes%3DBuy%26estateTypes%3DHouse%2CApartment%26locations%3DAD08FR34378%26priceMax%3D500000&sort_order_ab_test=sort_order_variant&feature_aiEnrichment=true#ln=classified_search_results&m=classified_search_results_classified_classified_detail_XL,2026-03-09T15:42:45.428994+00:00
SeLoger,1 / 6 Nouveau D 229 000 € 2 793 €/m² Investissez dans l'immobilier Appartement à vendre 3 pièces · 2 chambres · 82 m² · Étage 4/7 Toulon (83000) CABINET 3000,229000.0,82.0,,Appartement,,https://www.seloger.com/annonces/achat/appartement/toulon-83/262267335.htm?serp_view=list&search=distributionTypes%3DBuy%26estateTypes%3DHouse%2CApartment%26locations%3DAD08FR34378%26priceMax%3D500000&sort_order_ab_test=sort_order_variant&feature_aiEnrichment=true#ln=classified_search_results&m=classified_search_results_classified_classified_detail_XL,2026-03-09T15:42:45.428994+00:00
SeLoger,"1 / 10 C 317 000 € 4 284 €/m² Découvrez les options de financement Appartement à vendre 5 pièces · 3 chambres · 74 m² · RDC Valbertrand, Toulon (83200) Agence G",317000.0,74.0,,Appartement,,https://www.seloger.com/annonces/achat/appartement/toulon-83/valbertrand/257652133.htm?serp_view=list&search=distributionTypes%3DBuy%26estateTypes%3DHouse%2CApartment%26locations%3DAD08FR34378%26priceMax%3D500000&sort_order_ab_test=sort_order_variant&feature_aiEnrichment=true#ln=classified_search_results&m=classified_search_results_classified_classified_detail_XL,2026-03-09T15:42:45.428994+00:00
SeLoger,"1 / 4 Nouveau C 160 000 € 4 848 €/m² Découvrez les options de financement Appartement à vendre 2 pièces · 1 chambre · 33 m² · Étage 4/4 Mourillon-Sud, Toulon (8",160000.0,33.0,,Appartement,,https://www.seloger.com/annonces/achat/appartement/toulon-83/262566591.htm?serp_view=list&search=distributionTypes%3DBuy%26estateTypes%3DHouse%2CApartment%26locations%3DAD08FR34378%26priceMax%3D500000&sort_order_ab_test=sort_order_variant&feature_aiEnrichment=true#ln=classified_search_results&m=classified_search_results_classified_classified_detail_XL,2026-03-09T15:42:45.428994+00:00
SeLoger,1 / 14 C 473 000 € 5 565 €/m² Découvrez les options de financement Maison à vendre 4 pièces · 2 chambres · 85 m² · 333 m² de terrain Toulon (83000) Exclusivité ,473000.0,85.0,,Maison,,https://www.seloger.com/annonces/achat/maison/toulon-83/258559999.htm?serp_view=list&search=distributionTypes%3DBuy%26estateTypes%3DHouse%2CApartment%26locations%3DAD08FR34378%26priceMax%3D500000&sort_order_ab_test=sort_order_variant&feature_aiEnrichment=true#ln=classified_search_results&m=classified_search_results_classified_classified_detail_XL,2026-03-09T15:42:45.428994+00:00
SeLoger,"1 / 6 C 225 000 € 3 462 €/m² Découvrez les options de financement Appartement à vendre 3 pièces · 2 chambres · 65 m² · 3ème étage Le Jonquet, Toulon (83200) AGE",225000.0,65.0,,Appartement,,https://www.seloger.com/annonces/achat/appartement/toulon-83/le-jonquet/261643083.htm?serp_view=list&search=distributionTypes%3DBuy%26estateTypes%3DHouse%2CApartment%26locations%3DAD08FR34378%26priceMax%3D500000&sort_order_ab_test=sort_order_variant&feature_aiEnrichment=true#ln=classified_search_results&m=classified_search_results_classified_classified_detail_XL,2026-03-09T15:42:45.428994+00:00
SeLoger,1 / 6 D 95 000 € 3 519 €/m² Investissez dans l'immobilier Appartement à vendre 1 pièce · 27 m² · 1er étage Toulon (83000) Exclusivité Immo center,95000.0,27.0,,Appartement,,https://www.seloger.com/annonces/achat/appartement/toulon-83/256438387.htm?serp_view=list&search=distributionTypes%3DBuy%26estateTypes%3DHouse%2CApartment%26locations%3DAD08FR34378%26priceMax%3D500000&sort_order_ab_test=sort_order_variant&feature_aiEnrichment=true#ln=classified_search_results&m=classified_search_results_classified_classified_detail_XL,2026-03-09T15:42:45.428994+00:00
SeLoger,"1 / 7 C 230 000 € 4 508 €/m² Investissez dans l'immobilier Appartement à vendre 2 pièces · 1 chambre · 51 m² · Étage 2/3 Mourillon-Centre, Toulon (83000) ROYAL ",230000.0,51.0,,Appartement,,https://www.seloger.com/annonces/achat/appartement/toulon-83/mourillon-centre/249200591.htm?serp_view=list&search=distributionTypes%3DBuy%26estateTypes%3DHouse%2CApartment%26locations%3DAD08FR34378%26priceMax%3D500000&sort_order_ab_test=sort_order_variant&feature_aiEnrichment=true#ln=classified_search_results&m=classified_search_results_classified_classified_detail_XL,2026-03-09T15:42:45.428994+00:00
SeLoger,"1 / 7 D 259 000 € 2 643 €/m² Découvrez les options de financement Appartement à vendre 4 pièces · 2 chambres · 98 m² · 7ème étage Champ de Mars, Toulon (83000) ",259000.0,98.0,,Appartement,,https://www.seloger.com/annonces/achat/appartement/toulon-83/champ-de-mars/261188691.htm?serp_view=list&search=distributionTypes%3DBuy%26estateTypes%3DHouse%2CApartment%26locations%3DAD08FR34378%26priceMax%3D500000&sort_order_ab_test=sort_order_variant&feature_aiEnrichment=true#ln=classified_search_results&m=classified_search_results_classified_classified_detail_XL,2026-03-09T15:42:45.428994+00:00
SeLoger,"1 / 7 E 226 000 € 3 531 €/m² Découvrez les options de financement Appartement à vendre 4 pièces · 2 chambres · 64 m² · Étage 2/2 Notre Dame des Routes, Toulon (",226000.0,64.0,,Appartement,,https://www.seloger.com/annonces/achat/appartement/toulon-83/notre-dame-des-routes/258296013.htm?serp_view=list&search=distributionTypes%3DBuy%26estateTypes%3DHouse%2CApartment%26locations%3DAD08FR34378%26priceMax%3D500000&sort_order_ab_test=sort_order_variant&feature_aiEnrichment=true#ln=classified_search_results&m=classified_search_results_classified_classified_detail_XL,2026-03-09T15:42:45.428994+00:00
SeLoger,"1 / 8 A 425 000 € 5 120 €/m² Investissez dans l'immobilier Villa à vendre 4 pièces · 3 chambres · 83 m² · 330 m² de terrain Valbertrand, Toulon (83200) Agence G",425000.0,83.0,,Autre,,https://www.seloger.com/annonces/achat/maison/toulon-83/valbertrand/257254113.htm?serp_view=list&search=distributionTypes%3DBuy%26estateTypes%3DHouse%2CApartment%26locations%3DAD08FR34378%26priceMax%3D500000%26page%3D2&sort_order_ab_test=sort_order_variant&feature_aiEnrichment=true#ln=classified_search_results&m=classified_search_results_classified_classified_detail_XL,2026-03-09T15:42:45.428994+00:00
SeLoger,1 / 8 C 370 000 € 4 302 €/m² Découvrez les options de financement Appartement à vendre 3 pièces · 2 chambres · 86 m² · RDC/5 Toulon (83000) GAMBETTA IMMOBILIER,370000.0,86.0,,Appartement,,https://www.seloger.com/annonces/achat/appartement/toulon-83/259104483.htm?serp_view=list&search=distributionTypes%3DBuy%26estateTypes%3DHouse%2CApartment%26locations%3DAD08FR34378%26priceMax%3D500000%26page%3D2&sort_order_ab_test=sort_order_variant&feature_aiEnrichment=true#ln=classified_search_results&m=classified_search_results_classified_classified_detail_XL,2026-03-09T15:42:45.428994+00:00
SeLoger,"1 / 6 D 180 000 € 2 169 €/m² Découvrez les options de financement Appartement à vendre 4 pièces · 3 chambres · 83 m² · Étage 3/5 Saint Roch, Toulon (83200) Excl",180000.0,83.0,,Appartement,,https://www.seloger.com/annonces/achat/appartement/toulon-83/saint-roch/250724999.htm?serp_view=list&search=distributionTypes%3DBuy%26estateTypes%3DHouse%2CApartment%26locations%3DAD08FR34378%26priceMax%3D500000%26page%3D2&sort_order_ab_test=sort_order_variant&feature_aiEnrichment=true#ln=classified_search_results&m=classified_search_results_classified_classified_detail_XL,2026-03-09T15:42:45.428994+00:00
SeLoger,1 / 8 E 206 700 € 3 180 €/m² Découvrez les options de financement Appartement à vendre 3 pièces · 2 chambres · 65 m² · Étage 1/4 Toulon (83000) GAMBETTA IMMOBIL,206700.0,65.0,,Appartement,,https://www.seloger.com/annonces/achat/appartement/toulon-83/250055233.htm?serp_view=list&search=distributionTypes%3DBuy%26estateTypes%3DHouse%2CApartment%26locations%3DAD08FR34378%26priceMax%3D500000%26page%3D2&sort_order_ab_test=sort_order_variant&feature_aiEnrichment=true#ln=classified_search_results&m=classified_search_results_classified_classified_detail_XL,2026-03-09T15:42:45.429994+00:00
SeLoger,1 / 8 D 185 000 € 2 761 €/m² Découvrez les options de financement Appartement à vendre 4 pièces · 2 chambres · 67 m² · 3ème étage Toulon (83200) Exclusivité CEN,185000.0,67.0,,Appartement,,https://www.seloger.com/annonces/achat/appartement/toulon-83/260972071.htm?serp_view=list&search=distributionTypes%3DBuy%26estateTypes%3DHouse%2CApartment%26locations%3DAD08FR34378%26priceMax%3D500000%26page%3D2&sort_order_ab_test=sort_order_variant&feature_aiEnrichment=true#ln=classified_search_results&m=classified_search_results_classified_classified_detail_XL,2026-03-09T15:42:45.429994+00:00
SeLoger,"1 / 8 D 254 000 € 3 629 €/m² Investissez dans l'immobilier Appartement à vendre 4 pièces · 2 chambres · 70 m² · Étage 1/4 La Serinette, Toulon (83000) ROYAL IMM",254000.0,70.0,,Appartement,,https://www.seloger.com/annonces/achat/appartement/toulon-83/la-serinette/252340849.htm?serp_view=list&search=distributionTypes%3DBuy%26estateTypes%3DHouse%2CApartment%26locations%3DAD08FR34378%26priceMax%3D500000%26page%3D2&sort_order_ab_test=sort_order_variant&feature_aiEnrichment=true#ln=classified_search_results&m=classified_search_results_classified_classified_detail_XL,2026-03-09T15:42:45.429994+00:00
SeLoger,1 / 9 D 420 000 € 5 250 €/m² Découvrez les options de financement Appartement à vendre 4 pièces · 2 chambres · 80 m² · RDC/3 Toulon (83000) CABINET 3000,420000.0,80.0,,Appartement,,https://www.seloger.com/annonces/achat/appartement/toulon-83/256236035.htm?serp_view=list&search=distributionTypes%3DBuy%26estateTypes%3DHouse%2CApartment%26locations%3DAD08FR34378%26priceMax%3D500000%26page%3D2&sort_order_ab_test=sort_order_variant&feature_aiEnrichment=true#ln=classified_search_results&m=classified_search_results_classified_classified_detail_XL,2026-03-09T15:42:45.429994+00:00
SeLoger,1 / 9 D 380 000 € 4 419 €/m² Découvrez les options de financement Villa à vendre 4 pièces · 3 chambres · 86 m² · 290 m² de terrain Toulon (83200) AGENCE BETHAUS,380000.0,86.0,,Autre,,https://www.seloger.com/annonces/achat/maison/toulon-83/258918849.htm?serp_view=list&search=distributionTypes%3DBuy%26estateTypes%3DHouse%2CApartment%26locations%3DAD08FR34378%26priceMax%3D500000%26page%3D2&sort_order_ab_test=sort_order_variant&feature_aiEnrichment=true#ln=classified_search_results&m=classified_search_results_classified_classified_detail_XL,2026-03-09T15:42:45.429994+00:00
SeLoger,"1 / 6 E 170 000 € 2 833 €/m² Investissez dans l'immobilier Appartement à vendre 3 pièces · 2 chambres · 60 m² · 3ème étage Champ de Mars, Toulon (83000) AGENCE ",170000.0,60.0,,Appartement,,https://www.seloger.com/annonces/achat/appartement/toulon-83/champ-de-mars/260004843.htm?serp_view=list&search=distributionTypes%3DBuy%26estateTypes%3DHouse%2CApartment%26locations%3DAD08FR34378%26priceMax%3D500000%26page%3D2&sort_order_ab_test=sort_order_variant&feature_aiEnrichment=true#ln=classified_search_results&m=classified_search_results_classified_classified_detail_XL,2026-03-09T15:42:45.429994+00:00
SeLoger,1 / 9 C 315 000 € 2 944 €/m² Découvrez les options de financement Appartement à vendre 5 pièces · 3 chambres · 107 m² · Étage 1/20 Toulon (83000) Exclusivité CA,315000.0,107.0,,Appartement,,https://www.seloger.com/annonces/achat/appartement/toulon-83/256349301.htm?serp_view=list&search=distributionTypes%3DBuy%26estateTypes%3DHouse%2CApartment%26locations%3DAD08FR34378%26priceMax%3D500000%26page%3D2&sort_order_ab_test=sort_order_variant&feature_aiEnrichment=true#ln=classified_search_results&m=classified_search_results_classified_classified_detail_XL,2026-03-09T15:42:45.429994+00:00
SeLoger,1 / 7 C 265 000 € 3 011 €/m² Investissez dans l'immobilier Appartement à vendre 4 pièces · 2 chambres · 88 m² · 8ème étage Toulon (83000) GAMBETTA IMMOBILIER,265000.0,88.0,,Appartement,,https://www.seloger.com/annonces/achat/appartement/toulon-83/257531623.htm?serp_view=list&search=distributionTypes%3DBuy%26estateTypes%3DHouse%2CApartment%26locations%3DAD08FR34378%26priceMax%3D500000%26page%3D2&sort_order_ab_test=sort_order_variant&feature_aiEnrichment=true#ln=classified_search_results&m=classified_search_results_classified_classified_detail_XL,2026-03-09T15:42:45.429994+00:00
SeLoger,1 / 6 D 250 000 € 3 846 €/m² Découvrez les options de financement Appartement à vendre 3 pièces · 2 chambres · 65 m² · RDC Toulon (83000) GAMBETTA IMMOBILIER,250000.0,65.0,,Appartement,,https://www.seloger.com/annonces/achat/appartement/toulon-83/254284673.htm?serp_view=list&search=distributionTypes%3DBuy%26estateTypes%3DHouse%2CApartment%26locations%3DAD08FR34378%26priceMax%3D500000%26page%3D2&sort_order_ab_test=sort_order_variant&feature_aiEnrichment=true#ln=classified_search_results&m=classified_search_results_classified_classified_detail_XL,2026-03-09T15:42:45.429994+00:00
SeLoger,"1 / 9 D 125 000 € 5 682 €/m² Découvrez les options de financement Appartement à vendre 2 pièces · 1 chambre · 22 m² · RDC/2 La Palasse, Toulon (83100) Exclusivi",125000.0,22.0,,Appartement,,https://www.seloger.com/annonces/achat/appartement/toulon-83/la-palasse/261885905.htm?serp_view=list&search=distributionTypes%3DBuy%26estateTypes%3DHouse%2CApartment%26locations%3DAD08FR34378%26priceMax%3D500000%26page%3D2&sort_order_ab_test=sort_order_variant&feature_aiEnrichment=true#ln=classified_search_results&m=classified_search_results_classified_classified_detail_XL,2026-03-09T15:42:45.429994+00:00
SeLoger,"1 / 10 A 377 000 € 5 984 €/m² Découvrez les options de financement Appartement à vendre - Première occupation 3 pièces · 2 chambres · 63 m² · RDC/1 Cap Brun , T",377000.0,63.0,,Appartement,,https://www.seloger.com/annonces/achat/appartement/toulon-83/cap-brun/255003719.htm?serp_view=list&search=distributionTypes%3DBuy%26estateTypes%3DHouse%2CApartment%26locations%3DAD08FR34378%26priceMax%3D500000%26page%3D2&sort_order_ab_test=sort_order_variant&feature_aiEnrichment=true#ln=classified_search_results&m=classified_search_results_classified_classified_detail_XL,2026-03-09T15:42:45.429994+00:00
SeLoger,"1 / 7 B 154 000 € 2 299 €/m² Découvrez les options de financement Appartement à vendre 3 pièces · 2 chambres · 67 m² · 1er étage Champ de Mars, Toulon (83000) C",154000.0,67.0,,Appartement,,https://www.seloger.com/annonces/achat/appartement/toulon-83/champ-de-mars/250733381.htm?serp_view=list&search=distributionTypes%3DBuy%26estateTypes%3DHouse%2CApartment%26locations%3DAD08FR34378%26priceMax%3D500000%26page%3D2&sort_order_ab_test=sort_order_variant&feature_aiEnrichment=true#ln=classified_search_results&m=classified_search_results_classified_classified_detail_XL,2026-03-09T15:42:45.429994+00:00
SeLoger,"1 / 8 D 155 000 € 2 411 €/m² Découvrez les options de financement Appartement à vendre 3 pièces · 2 chambres · 64,3 m² · 2ème étage Toulon (83000) CENTURY 21 OU",155000.0,64.3,,Appartement,,https://www.seloger.com/annonces/achat/appartement/toulon-83/262085355.htm?serp_view=list&search=distributionTypes%3DBuy%26estateTypes%3DHouse%2CApartment%26locations%3DAD08FR34378%26priceMax%3D500000%26page%3D2&sort_order_ab_test=sort_order_variant&feature_aiEnrichment=true#ln=classified_search_results&m=classified_search_results_classified_classified_detail_XL,2026-03-09T15:42:45.429994+00:00
SeLoger,"1 / 8 C 128 000 € 3 879 €/m² Découvrez les options de financement Appartement à vendre 2 pièces · 1 chambre · 33 m² · RDC La Serinette, Toulon (83000) Exclusivi",128000.0,33.0,,Appartement,,https://www.seloger.com/annonces/achat/appartement/toulon-83/la-serinette/260569711.htm?serp_view=list&search=distributionTypes%3DBuy%26estateTypes%3DHouse%2CApartment%26locations%3DAD08FR34378%26priceMax%3D500000%26page%3D2&sort_order_ab_test=sort_order_variant&feature_aiEnrichment=true#ln=classified_search_results&m=classified_search_results_classified_classified_detail_XL,2026-03-09T15:42:45.429994+00:00
SeLoger,"1 / 9 G 149 000 € 2 443 €/m² Découvrez les options de financement Appartement à vendre 3 pièces · 1 chambre · 61 m² · Étage 6/6 Place d'Armes, Toulon (83000) RO",149000.0,61.0,,Appartement,,https://www.seloger.com/annonces/achat/appartement/toulon-83/place-d-armes/254720877.htm?serp_view=list&search=distributionTypes%3DBuy%26estateTypes%3DHouse%2CApartment%26locations%3DAD08FR34378%26priceMax%3D500000%26page%3D2&sort_order_ab_test=sort_order_variant&feature_aiEnrichment=true#ln=classified_search_results&m=classified_search_results_classified_classified_detail_XL,2026-03-09T15:42:45.429994+00:00
SeLoger,"1 / 10 C 215 000 € 2 560 €/m² Découvrez les options de financement Appartement à vendre 4 pièces · 3 chambres · 84 m² · Étage 3/3 Les Routes, Toulon (83200) Age",215000.0,84.0,,Appartement,,https://www.seloger.com/annonces/achat/appartement/toulon-83/les-routes/243055029.htm?serp_view=list&search=distributionTypes%3DBuy%26estateTypes%3DHouse%2CApartment%26locations%3DAD08FR34378%26priceMax%3D500000%26page%3D2&sort_order_ab_test=sort_order_variant&feature_aiEnrichment=true#ln=classified_search_results&m=classified_search_results_classified_classified_detail_XL,2026-03-09T15:42:45.429994+00:00
SeLoger,"1 / 13 D 259 000 € 3 597 €/m² Découvrez les options de financement Appartement à vendre 4 pièces · 2 chambres · 72 m² · Étage 2/3 Le Faron-Fort-Rouge, Toulon (8",259000.0,72.0,,Appartement,,https://www.seloger.com/annonces/achat/appartement/toulon-83/le-faron-fort-rouge/251650393.htm?serp_view=list&search=distributionTypes%3DBuy%26estateTypes%3DHouse%2CApartment%26locations%3DAD08FR34378%26priceMax%3D500000%26page%3D2&sort_order_ab_test=sort_order_variant&feature_aiEnrichment=true#ln=classified_search_results&m=classified_search_results_classified_classified_detail_XL,2026-03-09T15:42:45.429994+00:00
SeLoger,"1 / 6 D 285 000 € 2 524 €/m² Découvrez les options de financement Appartement à vendre 6 pièces · 4 chambres · 112,9 m² · Étage 1/3 Le Faron-Fort-Rouge, Toulon ",285000.0,112.9,,Appartement,,https://www.seloger.com/annonces/achat/appartement/toulon-83/le-faron-fort-rouge/262041263.htm?serp_view=list&search=distributionTypes%3DBuy%26estateTypes%3DHouse%2CApartment%26locations%3DAD08FR34378%26priceMax%3D500000%26page%3D2&sort_order_ab_test=sort_order_variant&feature_aiEnrichment=true#ln=classified_search_results&m=classified_search_results_classified_classified_detail_XL,2026-03-09T15:42:45.429994+00:00
SeLoger,"1 / 11 E 400 000 € 4 444 €/m² Découvrez les options de financement Maison de plain-pied à vendre 5 pièces · 3 chambres · 90 m² · 510 m² de terrain Les Moulins, ",400000.0,90.0,,Maison,,https://www.seloger.com/annonces/achat/maison/toulon-83/les-moulins/259367577.htm?serp_view=list&search=distributionTypes%3DBuy%26estateTypes%3DHouse%2CApartment%26locations%3DAD08FR34378%26priceMax%3D500000%26page%3D3&sort_order_ab_test=sort_order_variant&feature_aiEnrichment=true#ln=classified_search_results&m=classified_search_results_classified_classified_detail_XL,2026-03-09T15:42:45.429994+00:00
SeLoger,"1 / 8 B 165 000 € 4 459 €/m² Découvrez les options de financement Appartement à vendre 2 pièces · 1 chambre · 37 m² · Étage 5/5 Mourillon-Centre, Toulon (83000)",165000.0,37.0,,Appartement,,https://www.seloger.com/annonces/achat/appartement/toulon-83/mourillon-centre/251355907.htm?serp_view=list&search=distributionTypes%3DBuy%26estateTypes%3DHouse%2CApartment%26locations%3DAD08FR34378%26priceMax%3D500000%26page%3D3&sort_order_ab_test=sort_order_variant&feature_aiEnrichment=true#ln=classified_search_results&m=classified_search_results_classified_classified_detail_XL,2026-03-09T15:42:45.431394+00:00
SeLoger,1 / 8 C 99 000 € 2 415 €/m² Découvrez les options de financement Appartement à vendre 2 pièces · 1 chambre · 41 m² · Étage 2/18 Toulon (83000) GAMBETTA IMMOBILI,99000.0,41.0,,Appartement,,https://www.seloger.com/annonces/achat/appartement/toulon-83/260084799.htm?serp_view=list&search=distributionTypes%3DBuy%26estateTypes%3DHouse%2CApartment%26locations%3DAD08FR34378%26priceMax%3D500000%26page%3D3&sort_order_ab_test=sort_order_variant&feature_aiEnrichment=true#ln=classified_search_results&m=classified_search_results_classified_classified_detail_XL,2026-03-09T15:42:45.431394+00:00
SeLoger,"1 / 6 C 219 000 € 3 650 €/m² Découvrez les options de financement Appartement à vendre 3 pièces · 2 chambres · 60 m² · Étage 1/1 Cap Brun , Toulon (83000) ROYAL",219000.0,60.0,,Appartement,,https://www.seloger.com/annonces/achat/appartement/toulon-83/cap-brun/258799403.htm?serp_view=list&search=distributionTypes%3DBuy%26estateTypes%3DHouse%2CApartment%26locations%3DAD08FR34378%26priceMax%3D500000%26page%3D3&sort_order_ab_test=sort_order_variant&feature_aiEnrichment=true#ln=classified_search_results&m=classified_search_results_classified_classified_detail_XL,2026-03-09T15:42:45.431394+00:00
SeLoger,1 / 10 D 259 000 € 3 700 €/m² Découvrez les options de financement Appartement à vendre 3 pièces · 2 chambres · 70 m² · RDC Toulon (83200) CENTURY 21 OUEST IMMO,259000.0,70.0,,Appartement,,https://www.seloger.com/annonces/achat/appartement/toulon-83/250248391.htm?serp_view=list&search=distributionTypes%3DBuy%26estateTypes%3DHouse%2CApartment%26locations%3DAD08FR34378%26priceMax%3D500000%26page%3D3&sort_order_ab_test=sort_order_variant&feature_aiEnrichment=true#ln=classified_search_results&m=classified_search_results_classified_classified_detail_XL,2026-03-09T15:42:45.431394+00:00
SeLoger,1 / 9 B 219 000 € 3 650 €/m² Découvrez les options de financement Appartement à vendre 3 pièces · 2 chambres · 60 m² · Étage 1/4 Toulon (83000) CABINET 3000,219000.0,60.0,,Appartement,,https://www.seloger.com/annonces/achat/appartement/toulon-83/256911459.htm?serp_view=list&search=distributionTypes%3DBuy%26estateTypes%3DHouse%2CApartment%26locations%3DAD08FR34378%26priceMax%3D500000%26page%3D3&sort_order_ab_test=sort_order_variant&feature_aiEnrichment=true#ln=classified_search_results&m=classified_search_results_classified_classified_detail_XL,2026-03-09T15:42:45.431394+00:00
SeLoger,1 / 7 C 328 000 € 4 260 €/m² Investissez dans l'immobilier Maison à vendre 4 pièces · 3 chambres · 77 m² · 170 m² de terrain Toulon (83100) Exclusivité CABINET ,328000.0,77.0,,Maison,,https://www.seloger.com/annonces/achat/maison/toulon-83/261822051.htm?serp_view=list&search=distributionTypes%3DBuy%26estateTypes%3DHouse%2CApartment%26locations%3DAD08FR34378%26priceMax%3D500000%26page%3D3&sort_order_ab_test=sort_order_variant&feature_aiEnrichment=true#ln=classified_search_results&m=classified_search_results_classified_classified_detail_XL,2026-03-09T15:42:45.431394+00:00
SeLoger,"1 / 5 C 139 000 € 3 787 €/m² Découvrez les options de financement Appartement à vendre 2 pièces · 1 chambre · 36,7 m² · Étage 3/5 Toulon (83000) Immo center",139000.0,36.7,,Appartement,,https://www.seloger.com/annonces/achat/appartement/toulon-83/256322611.htm?serp_view=list&search=distributionTypes%3DBuy%26estateTypes%3DHouse%2CApartment%26locations%3DAD08FR34378%26priceMax%3D500000%26page%3D3&sort_order_ab_test=sort_order_variant&feature_aiEnrichment=true#ln=classified_search_results&m=classified_search_results_classified_classified_detail_XL,2026-03-09T15:42:45.431394+00:00
SeLoger,1 / 9 D 499 000 € 2 772 €/m² Découvrez les options de financement Maison à vendre 9 pièces · 7 chambres · 180 m² · 400 m² de terrain Toulon (83000) Exclusivité ,499000.0,180.0,,Maison,,https://www.seloger.com/annonces/achat/maison/toulon-83/248289355.htm?serp_view=list&search=distributionTypes%3DBuy%26estateTypes%3DHouse%2CApartment%26locations%3DAD08FR34378%26priceMax%3D500000%26page%3D3&sort_order_ab_test=sort_order_variant&feature_aiEnrichment=true#ln=classified_search_results&m=classified_search_results_classified_classified_detail_XL,2026-03-09T15:42:45.431394+00:00
SeLoger,"1 / 5 C 130 000 € 3 067 €/m² Découvrez les options de financement Duplex à vendre 2 pièces · 1 chambre · 42,4 m² · 1er étage Toulon (83200) Exclusivité CENTURY ",130000.0,42.4,,Autre,,https://www.seloger.com/annonces/achat/appartement/toulon-83/255877199.htm?serp_view=list&search=distributionTypes%3DBuy%26estateTypes%3DHouse%2CApartment%26locations%3DAD08FR34378%26priceMax%3D500000%26page%3D3&sort_order_ab_test=sort_order_variant&feature_aiEnrichment=true#ln=classified_search_results&m=classified_search_results_classified_classified_detail_XL,2026-03-09T15:42:45.431394+00:00
SeLoger,"1 / 5 D 115 000 € 2 264 €/m² Découvrez les options de financement Appartement à vendre 2 pièces · 1 chambre · 50,8 m² · 2ème étage Toulon (83200) CENTURY 21 OUE",115000.0,50.8,,Appartement,,https://www.seloger.com/annonces/achat/appartement/toulon-83/254934491.htm?serp_view=list&search=distributionTypes%3DBuy%26estateTypes%3DHouse%2CApartment%26locations%3DAD08FR34378%26priceMax%3D500000%26page%3D3&sort_order_ab_test=sort_order_variant&feature_aiEnrichment=true#ln=classified_search_results&m=classified_search_results_classified_classified_detail_XL,2026-03-09T15:42:45.431394+00:00
SeLoger,"1 / 5 C 270 000 € 2 842 €/m² Découvrez les options de financement Villa à vendre 4 pièces · 2 chambres · 95 m² Temple, Toulon (83200) Agence GIO",270000.0,95.0,,Autre,,https://www.seloger.com/annonces/achat/maison/toulon-83/temple/231322073.htm?serp_view=list&search=distributionTypes%3DBuy%26estateTypes%3DHouse%2CApartment%26locations%3DAD08FR34378%26priceMax%3D500000%26page%3D3&sort_order_ab_test=sort_order_variant&feature_aiEnrichment=true#ln=classified_search_results&m=classified_search_results_classified_classified_detail_XL,2026-03-09T15:42:45.431394+00:00
SeLoger,1 / 6 D 117 000 € 1 918 €/m² Découvrez les options de financement Appartement à vendre 3 pièces · 2 chambres · 61 m² · 5ème étage Toulon (83000) GAMBETTA IMMOBI,117000.0,61.0,,Appartement,,https://www.seloger.com/annonces/achat/appartement/toulon-83/256786735.htm?serp_view=list&search=distributionTypes%3DBuy%26estateTypes%3DHouse%2CApartment%26locations%3DAD08FR34378%26priceMax%3D500000%26page%3D3&sort_order_ab_test=sort_order_variant&feature_aiEnrichment=true#ln=classified_search_results&m=classified_search_results_classified_classified_detail_XL,2026-03-09T15:42:45.431394+00:00
SeLoger,"1 / 3 E 200 000 € 3 226 €/m² Découvrez les options de financement Appartement à vendre 3 pièces · 1 chambre · 62 m² · RDC/3 Cap Brun , Toulon (83000) ROYAL IMMO",200000.0,62.0,,Appartement,,https://www.seloger.com/annonces/achat/appartement/toulon-83/cap-brun/256202523.htm?serp_view=list&search=distributionTypes%3DBuy%26estateTypes%3DHouse%2CApartment%26locations%3DAD08FR34378%26priceMax%3D500000%26page%3D3&sort_order_ab_test=sort_order_variant&feature_aiEnrichment=true#ln=classified_search_results&m=classified_search_results_classified_classified_detail_L,2026-03-09T15:42:45.431394+00:00
SeLoger,"1 / 7 E 478 800 € 4 237 €/m² Découvrez les options de financement Maison à vendre 5 pièces · 3 chambres · 113 m² · 833 m² de terrain Notre Dame des Routes, Toul",478800.0,113.0,,Maison,,https://www.seloger.com/annonces/achat/maison/toulon-83/notre-dame-des-routes/251303447.htm?serp_view=list&search=distributionTypes%3DBuy%26estateTypes%3DHouse%2CApartment%26locations%3DAD08FR34378%26priceMax%3D500000%26page%3D3&sort_order_ab_test=sort_order_variant&feature_aiEnrichment=true#ln=classified_search_results&m=classified_search_results_classified_classified_detail_XL,2026-03-09T15:42:45.431394+00:00
SeLoger,1 / 4 C 117 000 € 2 089 €/m² Découvrez les options de financement Appartement à vendre 3 pièces · 2 chambres · 56 m² · 4ème étage Toulon (83000) GAMBETTA IMMOBI,117000.0,56.0,,Appartement,,https://www.seloger.com/annonces/achat/appartement/toulon-83/257255489.htm?serp_view=list&search=distributionTypes%3DBuy%26estateTypes%3DHouse%2CApartment%26locations%3DAD08FR34378%26priceMax%3D500000%26page%3D3&sort_order_ab_test=sort_order_variant&feature_aiEnrichment=true#ln=classified_search_results&m=classified_search_results_classified_classified_detail_XL,2026-03-09T15:42:45.431394+00:00
SeLoger,1 / 15 D 135 000 € 3 214 €/m² Découvrez les options de financement Appartement à vendre 2 pièces · 1 chambre · 42 m² · Étage 6/6 Toulon (83000) SERVICES ENTRE A,135000.0,42.0,,Appartement,,https://www.seloger.com/annonces/achat/appartement/toulon-83/261481833.htm?serp_view=list&search=distributionTypes%3DBuy%26estateTypes%3DHouse%2CApartment%26locations%3DAD08FR34378%26priceMax%3D500000%26page%3D3&sort_order_ab_test=sort_order_variant&feature_aiEnrichment=true#ln=classified_search_results&m=classified_search_results_classified_classified_detail_L,2026-03-09T15:42:45.431394+00:00
SeLoger,TOULON IMMOBILIER CONSEIL 1 / 9 A 225 000 € 3 879 €/m² Découvrez les options de financement Appartement à vendre 3 pièces · 2 chambres · 58 m² · Étage 3/4 Saint,225000.0,58.0,,Appartement,,https://www.seloger.com/annonces/achat/appartement/toulon-83/sainte-musse/261632349.htm?serp_view=list&search=distributionTypes%3DBuy%26estateTypes%3DHouse%2CApartment%26locations%3DAD08FR34378%26priceMax%3D500000%26page%3D3&sort_order_ab_test=sort_order_variant&feature_aiEnrichment=true#ln=classified_search_results&m=classified_search_results_classified_classified_detail_L,2026-03-09T15:42:45.431394+00:00
SeLoger,TOULON IMMOBILIER CONSEIL 1 / 10 B 345 000 € 3 053 €/m² Investissez dans l'immobilier Appartement à vendre 5 pièces · 4 chambres · 113 m² · Étage 8/15 Champ de ,345000.0,113.0,,Appartement,,https://www.seloger.com/annonces/achat/appartement/toulon-83/champ-de-mars/261854605.htm?serp_view=list&search=distributionTypes%3DBuy%26estateTypes%3DHouse%2CApartment%26locations%3DAD08FR34378%26priceMax%3D500000%26page%3D3&sort_order_ab_test=sort_order_variant&feature_aiEnrichment=true#ln=classified_search_results&m=classified_search_results_classified_classified_detail_L,2026-03-09T15:42:45.431394+00:00
SeLoger,1 / 13 Nouveau C 270 000 € 3 176 €/m² Découvrez les options de financement Appartement à vendre 4 pièces · 3 chambres · 85 m² · Étage 2/5 Toulon (83000) IBOX VA,270000.0,85.0,,Appartement,,https://www.seloger.com/annonces/achat/appartement/toulon-83/262567013.htm?serp_view=list&search=distributionTypes%3DBuy%26estateTypes%3DHouse%2CApartment%26locations%3DAD08FR34378%26priceMax%3D500000%26page%3D3&sort_order_ab_test=sort_order_variant&feature_aiEnrichment=true#ln=classified_search_results&m=classified_search_results_classified_classified_detail_L,2026-03-09T15:42:45.431394+00:00
SeLoger,"1 / 9 D 180 000 € 3 273 €/m² Découvrez les options de financement Appartement à vendre 3 pièces · 1 chambre · 55 m² · Étage 2/3 Les Moulins, Toulon (83200) Excl",180000.0,55.0,,Appartement,,https://www.seloger.com/annonces/achat/appartement/toulon-83/les-moulins/262161957.htm?serp_view=list&search=distributionTypes%3DBuy%26estateTypes%3DHouse%2CApartment%26locations%3DAD08FR34378%26priceMax%3D500000%26page%3D3&sort_order_ab_test=sort_order_variant&feature_aiEnrichment=true#ln=classified_search_results&m=classified_search_results_classified_classified_detail_L,2026-03-09T15:42:45.432268+00:00
SeLoger,KEYSTONE IMMOBILIER 1 / 7 D 91 000 € 3 033 €/m² Découvrez les options de financement Appartement à vendre 1 pièce · 30 m² · 2ème étage Toulon (83200) KEYSTONE I,91000.0,30.0,,Appartement,,https://www.seloger.com/annonces/achat/appartement/toulon-83/261346303.htm?serp_view=list&search=distributionTypes%3DBuy%26estateTypes%3DHouse%2CApartment%26locations%3DAD08FR34378%26priceMax%3D500000%26page%3D3&sort_order_ab_test=sort_order_variant&feature_aiEnrichment=true#ln=classified_search_results&m=classified_search_results_classified_classified_detail_L,2026-03-09T15:42:45.432268+00:00
SeLoger,KEYSTONE IMMOBILIER 1 / 9 C 315 000 € 3 150 €/m² Découvrez les options de financement Appartement à vendre 5 pièces · 4 chambres · 100 m² · Étage 2/7 Toulon (83,315000.0,100.0,,Appartement,,https://www.seloger.com/annonces/achat/appartement/toulon-83/262053175.htm?serp_view=list&search=distributionTypes%3DBuy%26estateTypes%3DHouse%2CApartment%26locations%3DAD08FR34378%26priceMax%3D500000%26page%3D3&sort_order_ab_test=sort_order_variant&feature_aiEnrichment=true#ln=classified_search_results&m=classified_search_results_classified_classified_detail_L,2026-03-09T15:42:45.432268+00:00
SeLoger,1 / 10 Nouveau F 194 000 € 2 694 €/m² Découvrez les options de financement Maison à vendre 4 pièces · 3 chambres · 72 m² · 110 m² de terrain Toulon (83100) IBOX,194000.0,72.0,,Maison,,https://www.seloger.com/annonces/achat/maison/toulon-83/262642413.htm?serp_view=list&search=distributionTypes%3DBuy%26estateTypes%3DHouse%2CApartment%26locations%3DAD08FR34378%26priceMax%3D500000%26page%3D3&sort_order_ab_test=sort_order_variant&feature_aiEnrichment=true#ln=classified_search_results&m=classified_search_results_classified_classified_detail_L,2026-03-09T15:42:45.432268+00:00
SeLoger,"1 / 7 E 129 000 € 2 745 €/m² Investissez dans l'immobilier Appartement à vendre 2 pièces · 1 chambre · 47 m² · Étage 4/6 Saint Roch, Toulon (83000) MONDINI IMO",129000.0,47.0,,Appartement,,https://www.seloger.com/annonces/achat/appartement/toulon-83/super-toulon/259136703.htm?serp_view=list&search=distributionTypes%3DBuy%26estateTypes%3DHouse%2CApartment%26locations%3DAD08FR34378%26priceMax%3D500000%26page%3D3&sort_order_ab_test=sort_order_variant&feature_aiEnrichment=true#ln=classified_search_results&m=classified_search_results_classified_classified_detail_L,2026-03-09T15:42:45.432268+00:00
SeLoger,1 / 12 Nouveau A 160 000 € 4 571 €/m² Découvrez les options de financement Appartement à vendre 2 pièces · 1 chambre · 35 m² · Étage 2/6 Toulon (83100) IBOX Eco,160000.0,35.0,,Appartement,,https://www.seloger.com/annonces/achat/appartement/toulon-83/262419837.htm?serp_view=list&search=distributionTypes%3DBuy%26estateTypes%3DHouse%2CApartment%26locations%3DAD08FR34378%26priceMax%3D500000%26page%3D3&sort_order_ab_test=sort_order_variant&feature_aiEnrichment=true#ln=classified_search_results&m=classified_search_results_classified_classified_detail_L,2026-03-09T15:42:45.432268+00:00
SeLoger,1 / 10 Nouveau F 220 000 € 3 056 €/m² Découvrez les options de financement Maison à vendre 4 pièces · 3 chambres · 72 m² · 182 m² de terrain Toulon (83100) IBOX,220000.0,72.0,,Maison,,https://www.seloger.com/annonces/achat/maison/toulon-83/262630719.htm?serp_view=list&search=distributionTypes%3DBuy%26estateTypes%3DHouse%2CApartment%26locations%3DAD08FR34378%26priceMax%3D500000%26page%3D3&sort_order_ab_test=sort_order_variant&feature_aiEnrichment=true#ln=classified_search_results&m=classified_search_results_classified_classified_detail_L,2026-03-09T15:42:45.432268+00:00
SeLoger,"1 / 33 C 345 000 € 2 255 €/m² Découvrez les options de financement Appartement à vendre 6 pièces · 4 chambres · 153 m² · Étage 5/17 Super-Toulon, Toulon (83000)",345000.0,153.0,,Appartement,,https://www.seloger.com/annonces/achat/appartement/toulon-83/super-toulon/245028393.htm?serp_view=list&search=distributionTypes%3DBuy%26estateTypes%3DHouse%2CApartment%26locations%3DAD08FR34378%26priceMax%3D500000%26page%3D3&sort_order_ab_test=sort_order_variant&feature_aiEnrichment=true#ln=classified_search_results&m=classified_search_results_classified_classified_detail_L,2026-03-09T15:42:45.432268+00:00
SeLoger,"1 / 9 Nouveau D 207 500 € 2 904 €/m² Découvrez les options de financement Appartement à vendre 4 pièces · 3 chambres · 71,5 m² · RDC/3 Toulon (83000) IBOX Ecoqu",207500.0,71.5,,Appartement,,https://www.seloger.com/annonces/achat/appartement/toulon-83/262366127.htm?serp_view=list&search=distributionTypes%3DBuy%26estateTypes%3DHouse%2CApartment%26locations%3DAD08FR34378%26priceMax%3D500000%26page%3D3&sort_order_ab_test=sort_order_variant&feature_aiEnrichment=true#ln=classified_search_results&m=classified_search_results_classified_classified_detail_L,2026-03-09T15:42:45.432268+00:00
SeLoger,"1 / 10 D 205 000 € 2 808 €/m² Découvrez les options de financement Appartement à vendre 3 pièces · 2 chambres · 73 m² · Étage 7/7 Bon Rencontre, Toulon (83200) ",205000.0,73.0,,Appartement,,https://www.seloger.com/annonces/achat/appartement/toulon-83/bon-rencontre/247335221.htm?serp_view=list&search=distributionTypes%3DBuy%26estateTypes%3DHouse%2CApartment%26locations%3DAD08FR34378%26priceMax%3D500000%26page%3D4&sort_order_ab_test=sort_order_variant&feature_aiEnrichment=true#ln=classified_search_results&m=classified_search_results_classified_classified_detail_L,2026-03-09T15:42:45.433111+00:00
SeLoger,"1 / 12 D 175 000 € 2 652 €/m² Découvrez les options de financement Appartement à vendre 3 pièces · 2 chambres · 66 m² · Étage 2/3 Saint Roch, Toulon (83000) IMM",175000.0,66.0,,Appartement,,https://www.seloger.com/annonces/achat/appartement/toulon-83/saint-roch/256139805.htm?serp_view=list&search=distributionTypes%3DBuy%26estateTypes%3DHouse%2CApartment%26locations%3DAD08FR34378%26priceMax%3D500000%26page%3D4&sort_order_ab_test=sort_order_variant&feature_aiEnrichment=true#ln=classified_search_results&m=classified_search_results_classified_classified_detail_L,2026-03-09T15:42:45.433111+00:00
SeLoger,"KEYSTONE IMMOBILIER 1 / 8 D 92 000 € 2 026 €/m² Découvrez les options de financement Appartement à vendre 3 pièces · 2 chambres · 45,4 m² · Étage 2/3 Toulon (83",92000.0,45.4,,Appartement,,https://www.seloger.com/annonces/achat/appartement/toulon-83/261346301.htm?serp_view=list&search=distributionTypes%3DBuy%26estateTypes%3DHouse%2CApartment%26locations%3DAD08FR34378%26priceMax%3D500000%26page%3D4&sort_order_ab_test=sort_order_variant&feature_aiEnrichment=true#ln=classified_search_results&m=classified_search_results_classified_classified_detail_L,2026-03-09T15:42:45.433111+00:00
SeLoger,1 / 14 E 270 000 € 2 842 €/m² Investissez dans l'immobilier Appartement à vendre 4 pièces · 2 chambres · 95 m² · Étage 1/1 Toulon (83100) Exclusivité IBOX LES S,270000.0,95.0,,Appartement,,https://www.seloger.com/annonces/achat/appartement/toulon-83/260541097.htm?serp_view=list&search=distributionTypes%3DBuy%26estateTypes%3DHouse%2CApartment%26locations%3DAD08FR34378%26priceMax%3D500000%26page%3D4&sort_order_ab_test=sort_order_variant&feature_aiEnrichment=true#ln=classified_search_results&m=classified_search_results_classified_classified_detail_L,2026-03-09T15:42:45.433111+00:00
SeLoger,1 / 12 C 267 000 € 3 708 €/m² Découvrez les options de financement Appartement à vendre 5 pièces · 4 chambres · 72 m² · Étage 2/5 Toulon (83000) Exclusivité IBO,267000.0,72.0,,Appartement,,https://www.seloger.com/annonces/achat/appartement/toulon-83/260654841.htm?serp_view=list&search=distributionTypes%3DBuy%26estateTypes%3DHouse%2CApartment%26locations%3DAD08FR34378%26priceMax%3D500000%26page%3D4&sort_order_ab_test=sort_order_variant&feature_aiEnrichment=true#ln=classified_search_results&m=classified_search_results_classified_classified_detail_L,2026-03-09T15:42:45.433111+00:00
SeLoger,TOULON IMMOBILIER CONSEIL 1 / 7 B 184 000 € 2 217 €/m² Découvrez les options de financement Appartement à vendre 4 pièces · 2 chambres · 83 m² · Étage 7/9 Toulo,184000.0,83.0,,Appartement,,https://www.seloger.com/annonces/achat/appartement/toulon-83/260052067.htm?serp_view=list&search=distributionTypes%3DBuy%26estateTypes%3DHouse%2CApartment%26locations%3DAD08FR34378%26priceMax%3D500000%26page%3D4&sort_order_ab_test=sort_order_variant&feature_aiEnrichment=true#ln=classified_search_results&m=classified_search_results_classified_classified_detail_L,2026-03-09T15:42:45.433111+00:00
SeLoger,1 / 8 Nouveau 198 000 € 3 536 €/m² Découvrez les options de financement Appartement à vendre 3 pièces · 2 chambres · 56 m² · Étage 4/7 Toulon (83100) Exclusivit,198000.0,56.0,,Appartement,,https://www.seloger.com/annonces/achat/appartement/toulon-83/262566707.htm?serp_view=list&search=distributionTypes%3DBuy%26estateTypes%3DHouse%2CApartment%26locations%3DAD08FR34378%26priceMax%3D500000%26page%3D4&sort_order_ab_test=sort_order_variant&feature_aiEnrichment=true#ln=classified_search_results&m=classified_search_results_classified_classified_detail_L,2026-03-09T15:42:45.433111+00:00
SeLoger,"1 / 15 D 269 000 € 2 874 €/m² Découvrez les options de financement Appartement à vendre 5 pièces · 3 chambres · 93,6 m² · Étage 2/8 Toulon (83200) Exclusivité I",269000.0,93.6,,Appartement,,https://www.seloger.com/annonces/achat/appartement/toulon-83/259532241.htm?serp_view=list&search=distributionTypes%3DBuy%26estateTypes%3DHouse%2CApartment%26locations%3DAD08FR34378%26priceMax%3D500000%26page%3D4&sort_order_ab_test=sort_order_variant&feature_aiEnrichment=true#ln=classified_search_results&m=classified_search_results_classified_classified_detail_L,2026-03-09T15:42:45.433111+00:00
SeLoger,"1 / 10 D Bouquet 220 000 € et 800 €/mois Découvrez les options de financement Maison en viager · occupé 4 pièces · 2 chambres · 131 m² Le Faron-Fort-Rouge, Toul",220000.0,131.0,,Maison,,https://www.seloger.com/annonces/achat/maison/toulon-83/le-faron-fort-rouge/234113527.htm?serp_view=list&search=distributionTypes%3DBuy%26estateTypes%3DHouse%2CApartment%26locations%3DAD08FR34378%26priceMax%3D500000%26page%3D4&sort_order_ab_test=sort_order_variant&feature_aiEnrichment=true#ln=classified_search_results&m=classified_search_results_classified_classified_detail_L,2026-03-09T15:42:45.433111+00:00
SeLoger,1 / 14 D Bouquet 213 805 € Découvrez les options de financement Maison en viager 4 pièces · 2 chambres · 107 m² Toulon (83200) Exclusivité VICTORIA IMMOBILIER,213805.0,107.0,,Maison,,https://www.seloger.com/annonces/achat/maison/toulon-83/254780067.htm?serp_view=list&search=distributionTypes%3DBuy%26estateTypes%3DHouse%2CApartment%26locations%3DAD08FR34378%26priceMax%3D500000%26page%3D4&sort_order_ab_test=sort_order_variant&feature_aiEnrichment=true#ln=classified_search_results&m=classified_search_results_classified_classified_detail_L,2026-03-09T15:42:45.433111+00:00
SeLoger,"1 / 12 D 295 000 € 3 440 €/m² Découvrez les options de financement Appartement à vendre 3 pièces · 2 chambres · 85,8 m² · Étage 5/6 Toulon (83000) Exclusivité I",295000.0,85.8,,Appartement,,https://www.seloger.com/annonces/achat/appartement/toulon-83/252279275.htm?serp_view=list&search=distributionTypes%3DBuy%26estateTypes%3DHouse%2CApartment%26locations%3DAD08FR34378%26priceMax%3D500000%26page%3D4&sort_order_ab_test=sort_order_variant&feature_aiEnrichment=true#ln=classified_search_results&m=classified_search_results_classified_classified_detail_L,2026-03-09T15:42:45.433111+00:00
SeLoger,"1 / 9 C 300 000 € 3 480 €/m² Découvrez les options de financement Appartement à vendre 3 pièces · 2 chambres · 86,2 m² · Étage 4/6 Toulon (83000) Exclusivité IB",300000.0,86.2,,Appartement,,https://www.seloger.com/annonces/achat/appartement/toulon-83/253704231.htm?serp_view=list&search=distributionTypes%3DBuy%26estateTypes%3DHouse%2CApartment%26locations%3DAD08FR34378%26priceMax%3D500000%26page%3D4&sort_order_ab_test=sort_order_variant&feature_aiEnrichment=true#ln=classified_search_results&m=classified_search_results_classified_classified_detail_L,2026-03-09T15:42:45.433111+00:00
SeLoger,"1 / 9 C 300 000 € 3 480 €/m² Découvrez les options de financement Appartement à vendre 3 pièces · 2 chambres · 86,2 m² · Étage 4/6 Toulon (83000) Exclusivité IB",300000.0,86.2,,Appartement,,https://www.seloger.com/annonces/achat/appartement/toulon-83/253145881.htm?serp_view=list&search=distributionTypes%3DBuy%26estateTypes%3DHouse%2CApartment%26locations%3DAD08FR34378%26priceMax%3D500000%26page%3D4&sort_order_ab_test=sort_order_variant&feature_aiEnrichment=true#ln=classified_search_results&m=classified_search_results_classified_classified_detail_L,2026-03-09T15:42:45.433111+00:00
SeLoger,"1 / 9 C 250 000 € 3 509 €/m² Découvrez les options de financement Appartement à vendre 2 pièces · 1 chambre · 71,3 m² · Étage 3/6 Toulon (83000) IBOX JAURES",250000.0,71.3,,Appartement,,https://www.seloger.com/annonces/achat/appartement/toulon-83/252279271.htm?serp_view=list&search=distributionTypes%3DBuy%26estateTypes%3DHouse%2CApartment%26locations%3DAD08FR34378%26priceMax%3D500000%26page%3D4&sort_order_ab_test=sort_order_variant&feature_aiEnrichment=true#ln=classified_search_results&m=classified_search_results_classified_classified_detail_L,2026-03-09T15:42:45.433111+00:00
SeLoger,"1 / 9 D 280 000 € 4 174 €/m² Découvrez les options de financement Appartement à vendre 3 pièces · 2 chambres · 67,1 m² · RDC Toulon (83000) IG PRESTIGE",280000.0,67.1,,Appartement,,https://www.seloger.com/annonces/achat/appartement/toulon-83/259385673.htm?serp_view=list&search=distributionTypes%3DBuy%26estateTypes%3DHouse%2CApartment%26locations%3DAD08FR34378%26priceMax%3D500000%26page%3D4&sort_order_ab_test=sort_order_variant&feature_aiEnrichment=true#ln=classified_search_results&m=classified_search_results_classified_classified_detail_L,2026-03-09T15:42:45.433111+00:00
SeLoger,1 / 8 D 299 000 € 4 153 €/m² Investissez dans l'immobilier Appartement à vendre 3 pièces · 2 chambres · 72 m² · Étage 6/6 Toulon (83000) Exclusivité IBOX VAUBAN,299000.0,72.0,,Appartement,,https://www.seloger.com/annonces/achat/appartement/toulon-83/243477861.htm?serp_view=list&search=distributionTypes%3DBuy%26estateTypes%3DHouse%2CApartment%26locations%3DAD08FR34378%26priceMax%3D500000%26page%3D4&sort_order_ab_test=sort_order_variant&feature_aiEnrichment=true#ln=classified_search_results&m=classified_search_results_classified_classified_detail_L,2026-03-09T15:42:45.433111+00:00
SeLoger,1 / 8 C 233 000 € 2 807 €/m² Découvrez les options de financement Appartement à vendre 3 pièces · 2 chambres · 83 m² · 8ème étage Toulon (83100) IBOX VAUBAN - A,233000.0,83.0,,Appartement,,https://www.seloger.com/annonces/achat/appartement/toulon-83/252234721.htm?serp_view=list&search=distributionTypes%3DBuy%26estateTypes%3DHouse%2CApartment%26locations%3DAD08FR34378%26priceMax%3D500000%26page%3D4&sort_order_ab_test=sort_order_variant&feature_aiEnrichment=true#ln=classified_search_results&m=classified_search_results_classified_classified_detail_L,2026-03-09T15:42:45.433111+00:00
SeLoger,"1 / 7 B Bouquet 72 500 € et 737 €/mois Découvrez les options de financement Appartement en viager · occupé 3 pièces · 2 chambres · 67,5 m² · Étage 4/5 Place d'A",72500.0,67.5,,Appartement,,https://www.seloger.com/annonces/achat/appartement/toulon-83/place-d-armes/259444057.htm?serp_view=list&search=distributionTypes%3DBuy%26estateTypes%3DHouse%2CApartment%26locations%3DAD08FR34378%26priceMax%3D500000%26page%3D4&sort_order_ab_test=sort_order_variant&feature_aiEnrichment=true#ln=classified_search_results&m=classified_search_results_classified_classified_detail_L,2026-03-09T15:42:45.433111+00:00
SeLoger,1 / 5 Nouveau 169 000 € 4 225 €/m² Découvrez les options de financement Appartement à vendre 2 pièces · 1 chambre · 40 m² · Étage 1/7 Toulon (83000) IBOX Ecoqua,169000.0,40.0,,Appartement,,https://www.seloger.com/annonces/achat/appartement/toulon-83/262621869.htm?serp_view=list&search=distributionTypes%3DBuy%26estateTypes%3DHouse%2CApartment%26locations%3DAD08FR34378%26priceMax%3D500000%26page%3D4&sort_order_ab_test=sort_order_variant&feature_aiEnrichment=true#ln=classified_search_results&m=classified_search_results_classified_classified_detail_L,2026-03-09T15:42:45.433111+00:00
SeLoger,1 / 7 D 460 000 € 3 651 €/m² Découvrez les options de financement Appartement à vendre 4 pièces · 3 chambres · 126 m² · Étage 4/4 Toulon (83000) Exclusivité IBO,460000.0,126.0,,Appartement,,https://www.seloger.com/annonces/achat/appartement/toulon-83/261256105.htm?serp_view=list&search=distributionTypes%3DBuy%26estateTypes%3DHouse%2CApartment%26locations%3DAD08FR34378%26priceMax%3D500000%26page%3D4&sort_order_ab_test=sort_order_variant&feature_aiEnrichment=true#ln=classified_search_results&m=classified_search_results_classified_classified_detail_L,2026-03-09T15:42:45.433111+00:00
SeLoger,1 / 6 E 130 000 € 6 842 €/m² Investissez dans l'immobilier Appartement à vendre 1 pièce · 19 m² · RDC/2 Toulon (83000) IBOX JAURES,130000.0,19.0,,Appartement,,https://www.seloger.com/annonces/achat/appartement/toulon-83/259991917.htm?serp_view=list&search=distributionTypes%3DBuy%26estateTypes%3DHouse%2CApartment%26locations%3DAD08FR34378%26priceMax%3D500000%26page%3D4&sort_order_ab_test=sort_order_variant&feature_aiEnrichment=true#ln=classified_search_results&m=classified_search_results_classified_classified_detail_L,2026-03-09T15:42:45.433111+00:00
SeLoger,1 / 11 D 256 000 € 2 048 €/m² Découvrez les options de financement Appartement à vendre - Première occupation 4 pièces · 3 chambres · 125 m² · Étage 2/15 Super-,256000.0,125.0,,Appartement,,https://www.seloger.com/annonces/achat/appartement/toulon-83/super-toulon/261674077.htm?serp_view=list&search=distributionTypes%3DBuy%26estateTypes%3DHouse%2CApartment%26locations%3DAD08FR34378%26priceMax%3D500000%26page%3D4&sort_order_ab_test=sort_order_variant&feature_aiEnrichment=true#ln=classified_search_results&m=classified_search_results_classified_classified_detail_L,2026-03-09T15:42:45.433111+00:00
SeLoger,"1 / 10 B 189 000 € 4 500 €/m² Découvrez les options de financement Appartement à vendre 2 pièces · 1 chambre · 42 m² · RDC Beaulieu-Darboussèdes, Toulon (83100)",189000.0,42.0,,Appartement,,https://www.seloger.com/annonces/achat/appartement/toulon-83/beaulieu-darboussedes/249772673.htm?serp_view=list&search=distributionTypes%3DBuy%26estateTypes%3DHouse%2CApartment%26locations%3DAD08FR34378%26priceMax%3D500000%26page%3D4&sort_order_ab_test=sort_order_variant&feature_aiEnrichment=true#ln=classified_search_results&m=classified_search_results_classified_classified_detail_L,2026-03-09T15:42:45.433111+00:00
SeLoger,"1 / 11 D 144 000 € 2 118 €/m² Découvrez les options de financement Appartement à vendre 4 pièces · 2 chambres · 68 m² · Étage 1/7 Champ de Mars, Toulon (83000) ",144000.0,68.0,,Appartement,,https://www.seloger.com/annonces/achat/appartement/toulon-83/champ-de-mars/251734161.htm?serp_view=list&search=distributionTypes%3DBuy%26estateTypes%3DHouse%2CApartment%26locations%3DAD08FR34378%26priceMax%3D500000%26page%3D4&sort_order_ab_test=sort_order_variant&feature_aiEnrichment=true#ln=classified_search_results&m=classified_search_results_classified_classified_detail_L,2026-03-09T15:42:45.433111+00:00
SeLoger,"1 / 8 C 218 000 € 3 114 €/m² Découvrez les options de financement Appartement à vendre 4 pièces · 3 chambres · 70 m² · Étage 5/5 Les Routes, Toulon (83200) Excl",218000.0,70.0,,Appartement,,https://www.seloger.com/annonces/achat/appartement/toulon-83/les-routes/254799245.htm?serp_view=list&search=distributionTypes%3DBuy%26estateTypes%3DHouse%2CApartment%26locations%3DAD08FR34378%26priceMax%3D500000%26page%3D4&sort_order_ab_test=sort_order_variant&feature_aiEnrichment=true#ln=classified_search_results&m=classified_search_results_classified_classified_detail_L,2026-03-09T15:42:45.433111+00:00
SeLoger,1 / 8 D 145 000 € 2 101 €/m² Découvrez les options de financement Appartement à vendre 3 pièces · 2 chambres · 69 m² · Étage 1/4 Toulon (83000) Exclusivité DIFF,145000.0,69.0,,Appartement,,https://www.seloger.com/annonces/achat/appartement/toulon-83/254030801.htm?serp_view=list&search=distributionTypes%3DBuy%26estateTypes%3DHouse%2CApartment%26locations%3DAD08FR34378%26priceMax%3D500000%26page%3D4&sort_order_ab_test=sort_order_variant&feature_aiEnrichment=true#ln=classified_search_results&m=classified_search_results_classified_classified_detail_L,2026-03-09T15:42:45.433111+00:00
SeLoger,1 / 11 C 165 000 € 2 357 €/m² Découvrez les options de financement Appartement à vendre 4 pièces · 2 chambres · 70 m² · Étage 3/4 Toulon (83100) Exclusivité IBO,165000.0,70.0,,Appartement,,https://www.seloger.com/annonces/achat/appartement/toulon-83/255909217.htm?serp_view=list&search=distributionTypes%3DBuy%26estateTypes%3DHouse%2CApartment%26locations%3DAD08FR34378%26priceMax%3D500000%26page%3D5&sort_order_ab_test=sort_order_variant&feature_aiEnrichment=true#ln=classified_search_results&m=classified_search_results_classified_classified_detail_L,2026-03-09T15:42:45.433111+00:00
SeLoger,"1 / 9 C 290 000 € 3 718 €/m² Investissez dans l'immobilier Appartement à vendre 4 pièces · 2 chambres · 78 m² · Étage 2/3 Port de Plaisance, Toulon (83000) IMMO",290000.0,78.0,,Appartement,,https://www.seloger.com/annonces/achat/appartement/toulon-83/port-de-plaisance/239711001.htm?serp_view=list&search=distributionTypes%3DBuy%26estateTypes%3DHouse%2CApartment%26locations%3DAD08FR34378%26priceMax%3D500000%26page%3D5&sort_order_ab_test=sort_order_variant&feature_aiEnrichment=true#ln=classified_search_results&m=classified_search_results_classified_classified_detail_L,2026-03-09T15:42:45.433111+00:00
SeLoger,1 / 10 D 145 000 € 2 900 €/m² Découvrez les options de financement Appartement à vendre 2 pièces · 1 chambre · 50 m² · Étage 3/5 Toulon (83000) Exclusivité IBOX,145000.0,50.0,,Appartement,,https://www.seloger.com/annonces/achat/appartement/toulon-83/252287441.htm?serp_view=list&search=distributionTypes%3DBuy%26estateTypes%3DHouse%2CApartment%26locations%3DAD08FR34378%26priceMax%3D500000%26page%3D5&sort_order_ab_test=sort_order_variant&feature_aiEnrichment=true#ln=classified_search_results&m=classified_search_results_classified_classified_detail_L,2026-03-09T15:42:45.433111+00:00
SeLoger,1 / 10 D 225 000 € 2 885 €/m² Découvrez les options de financement Appartement à vendre 4 pièces · 2 chambres · 78 m² · Étage 2/5 Toulon (83100) Exclusivité IBO,225000.0,78.0,,Appartement,,https://www.seloger.com/annonces/achat/appartement/toulon-83/251204677.htm?serp_view=list&search=distributionTypes%3DBuy%26estateTypes%3DHouse%2CApartment%26locations%3DAD08FR34378%26priceMax%3D500000%26page%3D5&sort_order_ab_test=sort_order_variant&feature_aiEnrichment=true#ln=classified_search_results&m=classified_search_results_classified_classified_detail_L,2026-03-09T15:42:45.433111+00:00
SeLoger,1 / 9 D 190 000 € 2 209 €/m² Découvrez les options de financement Appartement à vendre 3 pièces · 2 chambres · 86 m² · Étage 4/5 Toulon (83000) Exclusivité IBOX,190000.0,86.0,,Appartement,,https://www.seloger.com/annonces/achat/appartement/toulon-83/249592525.htm?serp_view=list&search=distributionTypes%3DBuy%26estateTypes%3DHouse%2CApartment%26locations%3DAD08FR34378%26priceMax%3D500000%26page%3D5&sort_order_ab_test=sort_order_variant&feature_aiEnrichment=true#ln=classified_search_results&m=classified_search_results_classified_classified_detail_L,2026-03-09T15:42:45.433111+00:00
SeLoger,"1 / 6 C 198 000 € 3 667 €/m² Découvrez les options de financement Appartement à vendre 3 pièces · 2 chambres · 54 m² · Étage 3/5 Champ de Mars, Toulon (83000) A",198000.0,54.0,,Appartement,,https://www.seloger.com/annonces/achat/appartement/toulon-83/champ-de-mars/259485959.htm?serp_view=list&search=distributionTypes%3DBuy%26estateTypes%3DHouse%2CApartment%26locations%3DAD08FR34378%26priceMax%3D500000%26page%3D5&sort_order_ab_test=sort_order_variant&feature_aiEnrichment=true#ln=classified_search_results&m=classified_search_results_classified_classified_detail_L,2026-03-09T15:42:45.433111+00:00
SeLoger,"1 / 7 D 115 000 € 1 769 €/m² Découvrez les options de financement Appartement à vendre 4 pièces · 3 chambres · 65 m² · Étage 7/8 Saint Jean du Var, Toulon (8310",115000.0,65.0,,Appartement,,https://www.seloger.com/annonces/achat/appartement/toulon-83/saint-jean-du-var/252023951.htm?serp_view=list&search=distributionTypes%3DBuy%26estateTypes%3DHouse%2CApartment%26locations%3DAD08FR34378%26priceMax%3D500000%26page%3D5&sort_order_ab_test=sort_order_variant&feature_aiEnrichment=true#ln=classified_search_results&m=classified_search_results_classified_classified_detail_L,2026-03-09T15:42:45.433111+00:00
SeLoger,1 / 7 E 85 000 € 2 300 €/m² Découvrez les options de financement Appartement à vendre 2 pièces · 1 chambre · 37 m² · 3ème étage Toulon (83100) Exclusivité IBOX ,85000.0,37.0,,Appartement,,https://www.seloger.com/annonces/achat/appartement/toulon-83/243477867.htm?serp_view=list&search=distributionTypes%3DBuy%26estateTypes%3DHouse%2CApartment%26locations%3DAD08FR34378%26priceMax%3D500000%26page%3D5&sort_order_ab_test=sort_order_variant&feature_aiEnrichment=true#ln=classified_search_results&m=classified_search_results_classified_classified_detail_L,2026-03-09T15:42:45.433111+00:00
SeLoger,"1 / 6 D 120 000 € 1 806 €/m² Découvrez les options de financement Appartement à vendre 3 pièces · 2 chambres · 66,5 m² · 2ème étage Toulon (83100) Exclusivité V",120000.0,66.5,,Appartement,,https://www.seloger.com/annonces/achat/appartement/toulon-83/255982987.htm?serp_view=list&search=distributionTypes%3DBuy%26estateTypes%3DHouse%2CApartment%26locations%3DAD08FR34378%26priceMax%3D500000%26page%3D5&sort_order_ab_test=sort_order_variant&feature_aiEnrichment=true#ln=classified_search_results&m=classified_search_results_classified_classified_detail_L,2026-03-09T15:42:45.433111+00:00
SeLoger,1 / 6 F 87 200 € 3 007 €/m² Découvrez les options de financement Appartement à vendre 1 pièce · 29 m² · Étage 1/12 Toulon (83000) IBOX JAURES,87200.0,29.0,,Appartement,,https://www.seloger.com/annonces/achat/appartement/toulon-83/253645541.htm?serp_view=list&search=distributionTypes%3DBuy%26estateTypes%3DHouse%2CApartment%26locations%3DAD08FR34378%26priceMax%3D500000%26page%3D5&sort_order_ab_test=sort_order_variant&feature_aiEnrichment=true#ln=classified_search_results&m=classified_search_results_classified_classified_detail_L,2026-03-09T15:42:45.433111+00:00
SeLoger,1 / 13 C 149 000 € 2 099 €/m² Découvrez les options de financement Appartement à vendre 3 pièces · 2 chambres · 71 m² · Étage 6/9 Toulon (83200) Exclusivité WIM,149000.0,71.0,,Appartement,,https://www.seloger.com/annonces/achat/appartement/toulon-83/259777845.htm?serp_view=list&search=distributionTypes%3DBuy%26estateTypes%3DHouse%2CApartment%26locations%3DAD08FR34378%26priceMax%3D500000%26page%3D5&sort_order_ab_test=sort_order_variant&feature_aiEnrichment=true#ln=classified_search_results&m=classified_search_results_classified_classified_detail_XL,2026-03-09T15:42:45.433111+00:00
SeLoger,"1 / 7 D 99 800 € 2 772 €/m² Découvrez les options de financement Appartement à vendre 1 pièce · 36 m² · Étage 2/7 Lagoubran, Toulon (83200) Exclusivité Valimmo",99800.0,36.0,,Appartement,,https://www.seloger.com/annonces/achat/appartement/toulon-83/lagoubran/258853951.htm?serp_view=list&search=distributionTypes%3DBuy%26estateTypes%3DHouse%2CApartment%26locations%3DAD08FR34378%26priceMax%3D500000%26page%3D5&sort_order_ab_test=sort_order_variant&feature_aiEnrichment=true#ln=classified_search_results&m=classified_search_results_classified_classified_detail_XL,2026-03-09T15:42:45.433111+00:00
SeLoger,"1 / 10 E 400 000 € 4 396 €/m² Découvrez les options de financement Maison à vendre 5 pièces · 3 chambres · 91 m² · 510 m² de terrain Les Moulins, Toulon (83200)",400000.0,91.0,,Maison,,https://www.seloger.com/annonces/achat/maison/toulon-83/les-moulins/260218449.htm?serp_view=list&search=distributionTypes%3DBuy%26estateTypes%3DHouse%2CApartment%26locations%3DAD08FR34378%26priceMax%3D500000%26page%3D5&sort_order_ab_test=sort_order_variant&feature_aiEnrichment=true#ln=classified_search_results&m=classified_search_results_classified_classified_detail_XL,2026-03-09T15:42:45.433111+00:00
SeLoger,"1 / 8 A 459 000 € 5 030 €/m² Découvrez les options de financement Maison à vendre 4 pièces · 3 chambres · 91,3 m² · 315 m² de terrain Valbertrand, Toulon (83200",459000.0,91.3,,Maison,,https://www.seloger.com/annonces/achat/maison/toulon-83/valbertrand/259974099.htm?serp_view=list&search=distributionTypes%3DBuy%26estateTypes%3DHouse%2CApartment%26locations%3DAD08FR34378%26priceMax%3D500000%26page%3D5&sort_order_ab_test=sort_order_variant&feature_aiEnrichment=true#ln=classified_search_results&m=classified_search_results_classified_classified_detail_XL,2026-03-09T15:42:45.433111+00:00
SeLoger,"1 / 14 D 305 000 € 2 563 €/m² Découvrez les options de financement Maison à vendre 7 pièces · 6 chambres · 119 m² · 162 m² de terrain Pont-du-Las, Toulon (83200",305000.0,119.0,,Maison,,https://www.seloger.com/annonces/achat/maison/toulon-83/pont-du-las/254522503.htm?serp_view=list&search=distributionTypes%3DBuy%26estateTypes%3DHouse%2CApartment%26locations%3DAD08FR34378%26priceMax%3D500000%26page%3D5&sort_order_ab_test=sort_order_variant&feature_aiEnrichment=true#ln=classified_search_results&m=classified_search_results_classified_classified_detail_XL,2026-03-09T15:42:45.433111+00:00
SeLoger,"1 / 12 E 265 000 € 3 786 €/m² Découvrez les options de financement Maison à vendre 3 pièces · 2 chambres · 70 m² · 200 m² de terrain Les Routes, Toulon (83200) ",265000.0,70.0,,Maison,,https://www.seloger.com/annonces/achat/maison/toulon-83/les-routes/261375625.htm?serp_view=list&search=distributionTypes%3DBuy%26estateTypes%3DHouse%2CApartment%26locations%3DAD08FR34378%26priceMax%3D500000%26page%3D5&sort_order_ab_test=sort_order_variant&feature_aiEnrichment=true#ln=classified_search_results&m=classified_search_results_classified_classified_detail_XL,2026-03-09T15:42:45.433111+00:00
SeLoger,"TRUSTY IMMOBILIER 1 / 8 D 187 000 € 2 527 €/m² Découvrez les options de financement Appartement à vendre 4 pièces · 3 chambres · 74 m² · 4ème étage Brunet, Toul",187000.0,74.0,,Appartement,,https://www.seloger.com/annonces/achat/appartement/toulon-83/brunet/246038873.htm?serp_view=list&search=distributionTypes%3DBuy%26estateTypes%3DHouse%2CApartment%26locations%3DAD08FR34378%26priceMax%3D500000%26page%3D5&sort_order_ab_test=sort_order_variant&feature_aiEnrichment=true#ln=classified_search_results&m=classified_search_results_classified_classified_detail_XL,2026-03-09T15:42:45.433111+00:00
SeLoger,"1 / 6 E 125 000 € 2 232 €/m² Investissez dans l'immobilier Appartement à vendre 3 pièces · 2 chambres · 56 m² · RDC Temple, Toulon (83200) Agence Cabanis - Toul",125000.0,56.0,,Appartement,,https://www.seloger.com/annonces/achat/appartement/toulon-83/temple/255673143.htm?serp_view=list&search=distributionTypes%3DBuy%26estateTypes%3DHouse%2CApartment%26locations%3DAD08FR34378%26priceMax%3D500000%26page%3D5&sort_order_ab_test=sort_order_variant&feature_aiEnrichment=true#ln=classified_search_results&m=classified_search_results_classified_classified_detail_XL,2026-03-09T15:42:45.433111+00:00
SeLoger,"1 / 11 B 448 000 € 5 463 €/m² Investissez dans l'immobilier Appartement à vendre 4 pièces · 3 chambres · 82 m² · Étage 4/9 Super-Toulon, Toulon (83000) Exclusiv",448000.0,82.0,,Appartement,,https://www.seloger.com/annonces/achat/appartement/toulon-83/place-d-armes/261211565.htm?serp_view=list&search=distributionTypes%3DBuy%26estateTypes%3DHouse%2CApartment%26locations%3DAD08FR34378%26priceMax%3D500000%26page%3D5&sort_order_ab_test=sort_order_variant&feature_aiEnrichment=true#ln=classified_search_results&m=classified_search_results_classified_classified_detail_L,2026-03-09T15:42:45.433111+00:00
SeLoger,"1 / 9 Nouveau D 196 300 € 3 635 €/m² Investissez dans l'immobilier Appartement à vendre 3 pièces · 2 chambres · 54 m² · RDC/3 Escaillon, Toulon (83200) iad Fran",196300.0,54.0,,Appartement,,https://www.seloger.com/annonces/achat/appartement/toulon-83/escaillon/262480647.htm?serp_view=list&search=distributionTypes%3DBuy%26estateTypes%3DHouse%2CApartment%26locations%3DAD08FR34378%26priceMax%3D500000%26page%3D5&sort_order_ab_test=sort_order_variant&feature_aiEnrichment=true#ln=classified_search_results&m=classified_search_results_classified_classified_detail_L,2026-03-09T15:42:45.433111+00:00
SeLoger,"1 / 9 Nouveau B 219 500 € 4 573 €/m² Découvrez les options de financement Appartement à vendre 2 pièces · 1 chambre · 48 m² · Étage 1/3 Le Faron-Fort-Rouge, Tou",219500.0,48.0,,Appartement,,https://www.seloger.com/annonces/achat/appartement/toulon-83/le-faron-fort-rouge/262571109.htm?serp_view=list&search=distributionTypes%3DBuy%26estateTypes%3DHouse%2CApartment%26locations%3DAD08FR34378%26priceMax%3D500000%26page%3D5&sort_order_ab_test=sort_order_variant&feature_aiEnrichment=true#ln=classified_search_results&m=classified_search_results_classified_classified_detail_L,2026-03-09T15:42:45.433111+00:00
SeLoger,"1 / 9 C 318 000 € 3 698 €/m² Découvrez les options de financement Duplex à vendre 3 pièces · 2 chambres · 86 m² · Étage 3/3 Mourillon-Centre, Toulon (83000) Exc",318000.0,86.0,,Autre,,https://www.seloger.com/annonces/achat/appartement/toulon-83/mourillon-centre/260955915.htm?serp_view=list&search=distributionTypes%3DBuy%26estateTypes%3DHouse%2CApartment%26locations%3DAD08FR34378%26priceMax%3D500000%26page%3D5&sort_order_ab_test=sort_order_variant&feature_aiEnrichment=true#ln=classified_search_results&m=classified_search_results_classified_classified_detail_L,2026-03-09T15:42:45.433111+00:00
SeLoger,"1 / 8 Nouveau 175 000 € 2 108 €/m² Découvrez les options de financement Appartement à vendre 3 pièces · 2 chambres · 83 m² · Étage 3/5 Pont-du-Las, Toulon (8320",175000.0,83.0,,Appartement,,https://www.seloger.com/annonces/achat/appartement/toulon-83/pont-du-las/262291381.htm?serp_view=list&search=distributionTypes%3DBuy%26estateTypes%3DHouse%2CApartment%26locations%3DAD08FR34378%26priceMax%3D500000%26page%3D5&sort_order_ab_test=sort_order_variant&feature_aiEnrichment=true#ln=classified_search_results&m=classified_search_results_classified_classified_detail_L,2026-03-09T15:42:45.433111+00:00
SeLoger,"1 / 7 C 198 500 € 3 970 €/m² Découvrez les options de financement Appartement à vendre 2 pièces · 1 chambre · 50 m² · Étage 3/4 Mourillon-Centre, Toulon (83000)",198500.0,50.0,,Appartement,,https://www.seloger.com/annonces/achat/appartement/toulon-83/mourillon-centre/258577409.htm?serp_view=list&search=distributionTypes%3DBuy%26estateTypes%3DHouse%2CApartment%26locations%3DAD08FR34378%26priceMax%3D500000%26page%3D5&sort_order_ab_test=sort_order_variant&feature_aiEnrichment=true#ln=classified_search_results&m=classified_search_results_classified_classified_detail_L,2026-03-09T15:42:45.433111+00:00
SeLoger,"1 / 8 B 209 000 € 3 215 €/m² Découvrez les options de financement Appartement à vendre 3 pièces · 1 chambre · 65 m² · Étage 3/5 Pont-du-Las, Toulon (83200) iad ",209000.0,65.0,,Appartement,,https://www.seloger.com/annonces/achat/appartement/toulon-83/pont-du-las/259686453.htm?serp_view=list&search=distributionTypes%3DBuy%26estateTypes%3DHouse%2CApartment%26locations%3DAD08FR34378%26priceMax%3D500000%26page%3D5&sort_order_ab_test=sort_order_variant&feature_aiEnrichment=true#ln=classified_search_results&m=classified_search_results_classified_classified_detail_L,2026-03-09T15:42:45.433111+00:00
SeLoger,"1 / 7 Nouveau C 199 000 € 2 970 €/m² Découvrez les options de financement Appartement à vendre 3 pièces · 2 chambres · 67 m² · Étage 3/4 Saint Roch, Toulon (832",199000.0,67.0,,Appartement,,https://www.seloger.com/annonces/achat/appartement/toulon-83/saint-roch/262396225.htm?serp_view=list&search=distributionTypes%3DBuy%26estateTypes%3DHouse%2CApartment%26locations%3DAD08FR34378%26priceMax%3D500000%26page%3D5&sort_order_ab_test=sort_order_variant&feature_aiEnrichment=true#ln=classified_search_results&m=classified_search_results_classified_classified_detail_L,2026-03-09T15:42:45.433111+00:00
SeLoger,"1 / 9 D 250 000 € 2 717 €/m² Découvrez les options de financement Appartement à vendre 5 pièces · 3 chambres · 92 m² · Étage 1/15 La Rode, Toulon (83000) Exclus",250000.0,92.0,,Appartement,,https://www.seloger.com/annonces/achat/appartement/toulon-83/la-rode/260330131.htm?serp_view=list&search=distributionTypes%3DBuy%26estateTypes%3DHouse%2CApartment%26locations%3DAD08FR34378%26priceMax%3D500000%26page%3D5&sort_order_ab_test=sort_order_variant&feature_aiEnrichment=true#ln=classified_search_results&m=classified_search_results_classified_classified_detail_L,2026-03-09T15:42:45.433111+00:00
